decoder,benchmark,k,base,mdlm_released,mdlm_corrected,cdlm_released,cdlm_corrected
vanilla,HumanEval,1,18.84,19.02,20.30,21.59,22.07
vanilla,HumanEval,10,36.59,38.41,37.80,41.46,40.85
vanilla,HumanEval+,1,16.71,16.95,17.56,20.55,19.57
vanilla,HumanEval+,10,31.71,34.15,34.15,39.02,35.37
vanilla,MBPP,1,15.74,10.62,12.64,13.10,12.72
vanilla,MBPP,10,35.00,31.20,31.80,35.20,31.20
vanilla,MBPP+,1,23.11,17.71,18.13,20.73,19.09
vanilla,MBPP+,10,50.24,44.91,43.36,47.22,41.87
vanilla,HE avg,1,17.77,17.99,18.93,21.07,20.82
vanilla,HE avg,10,34.15,36.28,35.98,40.24,38.11
vanilla,MBPP avg,1,19.42,14.17,15.39,16.91,15.90
vanilla,MBPP avg,10,42.62,38.05,37.58,41.21,36.53
ReMDM,HumanEval,1,18.23,19.82,19.39,21.16,21.59
ReMDM,HumanEval,10,32.93,38.41,36.59,42.68,38.41
ReMDM,HumanEval+,1,16.40,17.20,16.40,20.00,19.33
ReMDM,HumanEval+,10,29.27,34.15,32.32,37.80,33.54
ReMDM,MBPP,1,16.00,10.84,11.44,14.14,12.26
ReMDM,MBPP,10,36.60,32.80,32.00,35.00,31.00
ReMDM,MBPP+,1,23.19,16.97,18.73,21.06,18.76
ReMDM,MBPP+,10,48.54,44.42,44.02,47.60,42.96
ReMDM,HE avg,1,17.32,18.51,17.90,20.58,20.46
ReMDM,HE avg,10,31.10,36.28,34.45,40.24,35.98
ReMDM,MBPP avg,1,19.59,13.91,15.09,17.60,15.51
ReMDM,MBPP avg,10,42.57,38.61,38.01,41.30,36.98
