A,B,decoder,benchmark,k,A_score,B_score,A_minus_B,ci95,p_signflip,A_better,B_better
cdlm_corrected,mdlm_corrected,vanilla,HumanEval,1,22.07,20.30,+1.77,"[-0.79, +4.39]",0.1924,33,24
cdlm_corrected,mdlm_corrected,vanilla,HumanEval,10,40.85,37.80,+3.05,"[-2.44, +8.54]",0.3638,12,7
cdlm_corrected,mdlm_corrected,vanilla,HumanEval+,1,19.57,17.56,+2.01,"[-0.30, +4.39]",0.1110,31,20
cdlm_corrected,mdlm_corrected,vanilla,HumanEval+,10,35.37,34.15,+1.22,"[-3.66, +6.10]",0.8153,10,8
cdlm_corrected,mdlm_corrected,vanilla,MBPP,1,12.72,12.64,+0.08,"[-1.84, +1.98]",0.9519,87,88
cdlm_corrected,mdlm_corrected,vanilla,MBPP,10,31.20,31.80,-0.60,"[-4.20, +3.00]",0.8306,42,45
cdlm_corrected,mdlm_corrected,vanilla,MBPP+,1,19.09,18.13,+0.95,"[-1.49, +3.53]",0.4637,96,84
cdlm_corrected,mdlm_corrected,vanilla,MBPP+,10,41.87,43.36,-1.49,"[-6.15, +3.31]",0.5432,39,45
cdlm_corrected,mdlm_corrected,ReMDM,HumanEval,1,21.59,19.39,+2.20,"[-0.37, +4.76]",0.1023,33,21
cdlm_corrected,mdlm_corrected,ReMDM,HumanEval,10,38.41,36.59,+1.83,"[-3.66, +7.32]",0.6613,12,9
cdlm_corrected,mdlm_corrected,ReMDM,HumanEval+,1,19.33,16.40,+2.93,"[+0.73, +5.24]",0.0118,30,15
cdlm_corrected,mdlm_corrected,ReMDM,HumanEval+,10,33.54,32.32,+1.22,"[-3.66, +6.10]",0.8030,9,7
cdlm_corrected,mdlm_corrected,ReMDM,MBPP,1,12.26,11.44,+0.82,"[-1.02, +2.70]",0.4019,89,85
cdlm_corrected,mdlm_corrected,ReMDM,MBPP,10,31.00,32.00,-1.00,"[-4.60, +2.60]",0.6517,38,43
cdlm_corrected,mdlm_corrected,ReMDM,MBPP+,1,18.76,18.73,+0.03,"[-2.25, +2.25]",1.0000,85,83
cdlm_corrected,mdlm_corrected,ReMDM,MBPP+,10,42.96,44.02,-1.06,"[-5.29, +3.07]",0.6636,32,36
mdlm_corrected,mdlm_released,vanilla,HumanEval,1,20.30,19.02,+1.28,"[-0.37, +2.93]",0.1484,35,25
mdlm_corrected,mdlm_released,vanilla,HumanEval,10,37.80,38.41,-0.61,"[-4.88, +3.66]",1.0000,6,7
mdlm_corrected,mdlm_released,vanilla,HumanEval+,1,17.56,16.95,+0.61,"[-1.10, +2.32]",0.5276,28,28
mdlm_corrected,mdlm_released,vanilla,HumanEval+,10,34.15,34.15,+0.00,"[-4.27, +4.27]",1.0000,6,6
mdlm_corrected,mdlm_released,vanilla,MBPP,1,12.64,10.62,+2.02,"[+0.80, +3.24]",0.0019,110,76
mdlm_corrected,mdlm_released,vanilla,MBPP,10,31.80,31.20,+0.60,"[-2.80, +4.00]",0.8139,37,34
mdlm_corrected,mdlm_released,vanilla,MBPP+,1,18.13,17.71,+0.42,"[-1.36, +2.20]",0.6576,92,95
mdlm_corrected,mdlm_released,vanilla,MBPP+,10,43.36,44.91,-1.55,"[-5.78, +2.68]",0.5374,31,36
mdlm_corrected,mdlm_released,ReMDM,HumanEval,1,19.39,19.82,-0.43,"[-2.44, +1.71]",0.7364,24,35
mdlm_corrected,mdlm_released,ReMDM,HumanEval,10,36.59,38.41,-1.83,"[-6.10, +2.44]",0.5859,5,8
mdlm_corrected,mdlm_released,ReMDM,HumanEval+,1,16.40,17.20,-0.79,"[-2.80, +1.34]",0.5049,21,30
mdlm_corrected,mdlm_released,ReMDM,HumanEval+,10,32.32,34.15,-1.83,"[-6.10, +2.44]",0.5874,5,8
mdlm_corrected,mdlm_released,ReMDM,MBPP,1,11.44,10.84,+0.60,"[-0.52, +1.74]",0.3153,93,98
mdlm_corrected,mdlm_released,ReMDM,MBPP,10,32.00,32.80,-0.80,"[-4.20, +2.60]",0.7236,34,38
mdlm_corrected,mdlm_released,ReMDM,MBPP+,1,18.73,16.97,+1.76,"[+0.07, +3.53]",0.0534,88,96
mdlm_corrected,mdlm_released,ReMDM,MBPP+,10,44.02,44.42,-0.40,"[-4.23, +3.70]",0.8940,29,30
mdlm_corrected,base,vanilla,HumanEval,1,20.30,18.84,+1.46,"[-1.77, +4.76]",0.4107,40,29
mdlm_corrected,base,vanilla,HumanEval,10,37.80,36.59,+1.22,"[-5.49, +7.32]",0.8492,15,13
mdlm_corrected,base,vanilla,HumanEval+,1,17.56,16.71,+0.85,"[-2.44, +4.21]",0.6451,34,27
mdlm_corrected,base,vanilla,HumanEval+,10,34.15,31.71,+2.44,"[-3.66, +8.54]",0.5480,14,10
mdlm_corrected,base,vanilla,MBPP,1,12.64,15.74,-3.10,"[-5.56, -0.68]",0.0135,97,124
mdlm_corrected,base,vanilla,MBPP,10,31.80,35.00,-3.20,"[-7.40, +1.00]",0.1661,51,67
mdlm_corrected,base,vanilla,MBPP+,1,18.13,23.11,-4.97,"[-8.11, -1.93]",0.0017,84,137
mdlm_corrected,base,vanilla,MBPP+,10,43.36,50.24,-6.88,"[-12.14, -1.85]",0.0087,36,63
mdlm_corrected,base,ReMDM,HumanEval,1,19.39,18.23,+1.16,"[-2.62, +4.88]",0.5592,38,27
mdlm_corrected,base,ReMDM,HumanEval,10,36.59,32.93,+3.66,"[-2.44, +10.37]",0.3626,18,12
mdlm_corrected,base,ReMDM,HumanEval+,1,16.40,16.40,-0.00,"[-3.66, +3.60]",1.0000,33,28
mdlm_corrected,base,ReMDM,HumanEval+,10,32.32,29.27,+3.05,"[-3.66, +9.76]",0.4706,18,13
mdlm_corrected,base,ReMDM,MBPP,1,11.44,16.00,-4.56,"[-6.96, -2.30]",0.0003,86,132
mdlm_corrected,base,ReMDM,MBPP,10,32.00,36.60,-4.60,"[-8.60, -0.60]",0.0306,40,63
mdlm_corrected,base,ReMDM,MBPP+,1,18.73,23.19,-4.46,"[-7.51, -1.42]",0.0047,85,128
mdlm_corrected,base,ReMDM,MBPP+,10,44.02,48.54,-4.53,"[-9.31, +0.26]",0.0771,36,54
cdlm_corrected,cdlm_released,vanilla,HumanEval,1,22.07,21.59,+0.49,"[-1.83, +2.80]",0.7186,33,32
cdlm_corrected,cdlm_released,vanilla,HumanEval,10,40.85,41.46,-0.61,"[-4.88, +3.66]",1.0000,6,7
cdlm_corrected,cdlm_released,vanilla,HumanEval+,1,19.57,20.55,-0.98,"[-3.23, +1.22]",0.4114,24,38
cdlm_corrected,cdlm_released,vanilla,HumanEval+,10,35.37,39.02,-3.66,"[-7.93, +0.00]",0.1495,3,9
cdlm_corrected,cdlm_released,vanilla,MBPP,1,12.72,13.10,-0.38,"[-1.74, +0.92]",0.5932,81,107
cdlm_corrected,cdlm_released,vanilla,MBPP,10,31.20,35.20,-4.00,"[-7.20, -1.00]",0.0171,22,42
cdlm_corrected,cdlm_released,vanilla,MBPP+,1,19.09,20.73,-1.64,"[-3.44, +0.21]",0.0788,69,110
cdlm_corrected,cdlm_released,vanilla,MBPP+,10,41.87,47.22,-5.35,"[-9.25, -1.45]",0.0078,19,39
cdlm_corrected,cdlm_released,ReMDM,HumanEval,1,21.59,21.16,+0.43,"[-1.46, +2.44]",0.7100,36,32
cdlm_corrected,cdlm_released,ReMDM,HumanEval,10,38.41,42.68,-4.27,"[-9.15, +0.61]",0.1429,5,12
cdlm_corrected,cdlm_released,ReMDM,HumanEval+,1,19.33,20.00,-0.67,"[-2.38, +0.98]",0.4815,30,29
cdlm_corrected,cdlm_released,ReMDM,HumanEval+,10,33.54,37.80,-4.27,"[-9.15, +0.00]",0.1204,4,11
cdlm_corrected,cdlm_released,ReMDM,MBPP,1,12.26,14.14,-1.88,"[-3.16, -0.62]",0.0032,72,111
cdlm_corrected,cdlm_released,ReMDM,MBPP,10,31.00,35.00,-4.00,"[-7.20, -1.00]",0.0194,23,43
cdlm_corrected,cdlm_released,ReMDM,MBPP+,1,18.76,21.06,-2.30,"[-4.01, -0.67]",0.0066,70,105
cdlm_corrected,cdlm_released,ReMDM,MBPP+,10,42.96,47.60,-4.63,"[-8.48, -0.82]",0.0171,19,38
cdlm_corrected,base,vanilla,HumanEval,1,22.07,18.84,+3.23,"[-0.37, +6.89]",0.0914,47,25
cdlm_corrected,base,vanilla,HumanEval,10,40.85,36.59,+4.27,"[-2.44, +10.98]",0.2867,19,12
cdlm_corrected,base,vanilla,HumanEval+,1,19.57,16.71,+2.87,"[-0.79, +6.46]",0.1391,40,24
cdlm_corrected,base,vanilla,HumanEval+,10,35.37,31.71,+3.66,"[-2.44, +9.76]",0.3305,16,10
cdlm_corrected,base,vanilla,MBPP,1,12.72,15.74,-3.02,"[-5.40, -0.68]",0.0115,82,126
cdlm_corrected,base,vanilla,MBPP,10,31.20,35.00,-3.80,"[-7.80, +0.20]",0.0769,42,61
cdlm_corrected,base,vanilla,MBPP+,1,19.09,23.11,-4.02,"[-7.38, -0.66]",0.0198,85,130
cdlm_corrected,base,vanilla,MBPP+,10,41.87,50.24,-8.37,"[-13.60, -3.24]",0.0021,36,69
cdlm_corrected,base,ReMDM,HumanEval,1,21.59,18.23,+3.35,"[-0.30, +6.95]",0.0837,41,24
cdlm_corrected,base,ReMDM,HumanEval,10,38.41,32.93,+5.49,"[-0.61, +11.59]",0.1371,19,10
cdlm_corrected,base,ReMDM,HumanEval+,1,19.33,16.40,+2.93,"[-0.79, +6.59]",0.1372,36,24
cdlm_corrected,base,ReMDM,HumanEval+,10,33.54,29.27,+4.27,"[-1.83, +10.98]",0.2647,18,11
cdlm_corrected,base,ReMDM,MBPP,1,12.26,16.00,-3.74,"[-6.12, -1.50]",0.0013,77,131
cdlm_corrected,base,ReMDM,MBPP,10,31.00,36.60,-5.60,"[-9.40, -1.80]",0.0068,34,62
cdlm_corrected,base,ReMDM,MBPP+,1,18.76,23.19,-4.43,"[-7.59, -1.32]",0.0069,83,131
cdlm_corrected,base,ReMDM,MBPP+,10,42.96,48.54,-5.58,"[-10.58, -0.58]",0.0315,38,59
cdlm_released,mdlm_released,vanilla,HumanEval,1,21.59,19.02,+2.56,"[+0.37, +4.88]",0.0304,34,26
cdlm_released,mdlm_released,vanilla,HumanEval,10,41.46,38.41,+3.05,"[-1.83, +7.93]",0.2978,10,5
cdlm_released,mdlm_released,vanilla,HumanEval+,1,20.55,16.95,+3.60,"[+1.40, +5.98]",0.0018,38,21
cdlm_released,mdlm_released,vanilla,HumanEval+,10,39.02,34.15,+4.88,"[+0.00, +9.76]",0.0750,12,4
cdlm_released,mdlm_released,vanilla,MBPP,1,13.10,10.62,+2.48,"[+0.78, +4.16]",0.0041,105,71
cdlm_released,mdlm_released,vanilla,MBPP,10,35.20,31.20,+4.00,"[+0.40, +7.60]",0.0384,52,32
cdlm_released,mdlm_released,vanilla,MBPP+,1,20.73,17.71,+3.02,"[+0.71, +5.30]",0.0105,103,82
cdlm_released,mdlm_released,vanilla,MBPP+,10,47.22,44.91,+2.32,"[-2.12, +6.81]",0.3208,41,32
cdlm_released,mdlm_released,ReMDM,HumanEval,1,21.16,19.82,+1.34,"[-0.79, +3.60]",0.2574,32,28
cdlm_released,mdlm_released,ReMDM,HumanEval,10,42.68,38.41,+4.27,"[-0.61, +9.15]",0.1674,13,6
cdlm_released,mdlm_released,ReMDM,HumanEval+,1,20.00,17.20,+2.80,"[+0.79, +5.06]",0.0102,33,19
cdlm_released,mdlm_released,ReMDM,HumanEval+,10,37.80,34.15,+3.66,"[-0.61, +7.93]",0.1787,10,4
cdlm_released,mdlm_released,ReMDM,MBPP,1,14.14,10.84,+3.30,"[+1.46, +5.14]",0.0005,115,73
cdlm_released,mdlm_released,ReMDM,MBPP,10,35.00,32.80,+2.20,"[-1.40, +5.80]",0.2636,46,35
cdlm_released,mdlm_released,ReMDM,MBPP+,1,21.06,16.97,+4.09,"[+1.85, +6.38]",0.0004,114,70
cdlm_released,mdlm_released,ReMDM,MBPP+,10,47.60,44.42,+3.18,"[-1.29, +7.44]",0.1562,43,30
cdlm_released,base,vanilla,HumanEval,1,21.59,18.84,+2.74,"[-0.43, +5.91]",0.1018,40,22
cdlm_released,base,vanilla,HumanEval,10,41.46,36.59,+4.88,"[-1.22, +10.98]",0.1693,17,9
cdlm_released,base,vanilla,HumanEval+,1,20.55,16.71,+3.84,"[+0.49, +7.20]",0.0308,40,19
cdlm_released,base,vanilla,HumanEval+,10,39.02,31.71,+7.32,"[+1.83, +13.41]",0.0208,18,6
cdlm_released,base,vanilla,MBPP,1,13.10,15.74,-2.64,"[-4.70, -0.62]",0.0101,87,114
cdlm_released,base,vanilla,MBPP,10,35.20,35.00,+0.20,"[-3.60, +4.00]",1.0000,48,47
cdlm_released,base,vanilla,MBPP+,1,20.73,23.11,-2.38,"[-5.41, +0.54]",0.1251,95,112
cdlm_released,base,vanilla,MBPP+,10,47.22,50.24,-3.01,"[-8.12, +1.94]",0.2534,41,52
cdlm_released,base,ReMDM,HumanEval,1,21.16,18.23,+2.93,"[-0.37, +6.16]",0.0947,45,20
cdlm_released,base,ReMDM,HumanEval,10,42.68,32.93,+9.76,"[+3.66, +15.85]",0.0051,23,7
cdlm_released,base,ReMDM,HumanEval+,1,20.00,16.40,+3.60,"[+0.12, +7.01]",0.0470,40,22
cdlm_released,base,ReMDM,HumanEval+,10,37.80,29.27,+8.54,"[+2.44, +14.63]",0.0144,21,7
cdlm_released,base,ReMDM,MBPP,1,14.14,16.00,-1.86,"[-4.02, +0.24]",0.0842,90,117
cdlm_released,base,ReMDM,MBPP,10,35.00,36.60,-1.60,"[-5.60, +2.20]",0.4847,44,52
cdlm_released,base,ReMDM,MBPP+,1,21.06,23.19,-2.13,"[-5.16, +0.87]",0.1702,98,107
cdlm_released,base,ReMDM,MBPP+,10,47.60,48.54,-0.95,"[-5.83, +3.95]",0.7202,44,48
mdlm_released,base,vanilla,HumanEval,1,19.02,18.84,+0.18,"[-2.99, +3.29]",0.9404,35,28
mdlm_released,base,vanilla,HumanEval,10,38.41,36.59,+1.83,"[-4.27, +7.93]",0.7048,15,12
mdlm_released,base,vanilla,HumanEval+,1,16.95,16.71,+0.24,"[-3.11, +3.48]",0.9167,31,25
mdlm_released,base,vanilla,HumanEval+,10,34.15,31.71,+2.44,"[-3.66, +8.54]",0.5392,14,10
mdlm_released,base,vanilla,MBPP,1,10.62,15.74,-5.12,"[-7.46, -2.86]",0.0001,80,126
mdlm_released,base,vanilla,MBPP,10,31.20,35.00,-3.80,"[-8.00, +0.20]",0.0908,47,66
mdlm_released,base,vanilla,MBPP+,1,17.71,23.11,-5.40,"[-8.39, -2.59]",0.0004,80,116
mdlm_released,base,vanilla,MBPP+,10,44.91,50.24,-5.33,"[-10.12, -0.77]",0.0272,31,51
mdlm_released,base,ReMDM,HumanEval,1,19.82,18.23,+1.59,"[-1.95, +5.00]",0.4092,38,26
mdlm_released,base,ReMDM,HumanEval,10,38.41,32.93,+5.49,"[-0.61, +11.59]",0.1375,19,10
mdlm_released,base,ReMDM,HumanEval+,1,17.20,16.40,+0.79,"[-2.80, +4.33]",0.6986,30,29
mdlm_released,base,ReMDM,HumanEval+,10,34.15,29.27,+4.88,"[-1.22, +10.98]",0.1887,18,10
mdlm_released,base,ReMDM,MBPP,1,10.84,16.00,-5.16,"[-7.40, -2.92]",0.0001,81,133
mdlm_released,base,ReMDM,MBPP,10,32.80,36.60,-3.80,"[-7.80, +0.20]",0.0844,44,63
mdlm_released,base,ReMDM,MBPP+,1,16.97,23.19,-6.22,"[-9.11, -3.37]",0.0001,80,116
mdlm_released,base,ReMDM,MBPP+,10,44.42,48.54,-4.13,"[-9.02, +0.79]",0.1146,39,56
