A,B,T,N,pass@1_A_pooled,pass@1_B_pooled,A_minus_B,ci95_lo,ci95_hi,A_only,B_only,mcnemar_p
cdlm_corrected,mdlm_corrected,1,3213,0.1749,0.0974,0.0775,0.0666,0.0887,294,45,5.98e-46
cdlm_corrected,mdlm_corrected,2,3213,0.2350,0.1594,0.0756,0.0619,0.0896,388,145,1.33e-26
cdlm_corrected,mdlm_corrected,3,3213,0.2409,0.1653,0.0756,0.0616,0.0899,401,158,2.34e-25
cdlm_corrected,mdlm_corrected,4,3213,0.2350,0.1662,0.0688,0.0548,0.0831,396,175,1.10e-20
cdlm_corrected,cdlm_ctw_maxsteps2000_corrected,1,3213,0.1749,0.2309,-0.0560,-0.0703,-0.0414,192,372,2.92e-14
cdlm_corrected,cdlm_ctw_maxsteps2000_corrected,2,3213,0.2350,0.2462,-0.0112,-0.0283,0.0056,376,412,2.12e-01
cdlm_corrected,cdlm_ctw_maxsteps2000_corrected,3,3213,0.2409,0.2468,-0.0059,-0.0237,0.0115,403,422,5.31e-01
cdlm_corrected,cdlm_ctw_maxsteps2000_corrected,4,3213,0.2350,0.2474,-0.0124,-0.0299,0.0047,391,431,1.74e-01
cdlm_maxsteps2000_corrected,cdlm_ctw_maxsteps2000_corrected,1,3213,0.2882,0.2309,0.0573,0.0436,0.0713,353,169,5.76e-16
cdlm_maxsteps2000_corrected,cdlm_ctw_maxsteps2000_corrected,2,3213,0.3349,0.2462,0.0887,0.0725,0.1052,519,234,1.09e-25
cdlm_maxsteps2000_corrected,cdlm_ctw_maxsteps2000_corrected,3,3213,0.3364,0.2468,0.0896,0.0731,0.1064,530,242,1.41e-25
cdlm_maxsteps2000_corrected,cdlm_ctw_maxsteps2000_corrected,4,3213,0.3389,0.2474,0.0915,0.0750,0.1083,537,243,2.41e-26
cdlm_maxsteps2000_corrected,cdlm_corrected,1,3213,0.2882,0.1749,0.1133,0.0980,0.1289,520,156,1.30e-46
cdlm_maxsteps2000_corrected,cdlm_corrected,2,3213,0.3349,0.2350,0.0999,0.0825,0.1176,587,266,1.39e-28
cdlm_maxsteps2000_corrected,cdlm_corrected,3,3213,0.3364,0.2409,0.0955,0.0778,0.1133,603,296,6.51e-25
cdlm_maxsteps2000_corrected,cdlm_corrected,4,3213,0.3389,0.2350,0.1040,0.0865,0.1220,613,279,1.56e-29
cdlm_corrected,cdlm_released,1,3213,0.1749,0.1749,0.0000,-0.0084,0.0081,93,93,1.00e+00
cdlm_corrected,cdlm_released,2,3213,0.2350,0.2633,-0.0283,-0.0408,-0.0162,158,249,7.51e-06
cdlm_corrected,cdlm_released,3,3213,0.2409,0.2680,-0.0271,-0.0401,-0.0140,176,263,3.84e-05
cdlm_corrected,cdlm_released,4,3213,0.2350,0.2723,-0.0373,-0.0504,-0.0246,170,290,2.42e-08
mdlm_corrected,mdlm_released,1,3213,0.0974,0.1304,-0.0330,-0.0411,-0.0252,36,142,4.32e-16
mdlm_corrected,mdlm_released,2,3213,0.1594,0.2256,-0.0663,-0.0787,-0.0542,101,314,1.65e-26
mdlm_corrected,mdlm_released,3,3213,0.1653,0.2362,-0.0710,-0.0837,-0.0582,108,336,2.71e-28
mdlm_corrected,mdlm_released,4,3213,0.1662,0.2331,-0.0669,-0.0797,-0.0548,111,326,1.32e-25
cdlm_ctw_maxsteps2000_corrected,cdlm_ctw_maxsteps2000_released,1,3213,0.2309,0.1964,0.0345,0.0209,0.0482,309,198,9.39e-07
cdlm_ctw_maxsteps2000_corrected,cdlm_ctw_maxsteps2000_released,2,3213,0.2462,0.1976,0.0486,0.0336,0.0638,394,238,5.78e-10
cdlm_ctw_maxsteps2000_corrected,cdlm_ctw_maxsteps2000_released,3,3213,0.2468,0.1899,0.0570,0.0420,0.0722,402,219,1.89e-13
cdlm_ctw_maxsteps2000_corrected,cdlm_ctw_maxsteps2000_released,4,3213,0.2474,0.1895,0.0579,0.0430,0.0725,402,216,6.47e-14
cdlm_maxsteps2000_corrected,cdlm_maxsteps2000_released,1,3213,0.2882,0.1846,0.1036,0.0881,0.1189,507,174,1.27e-38
cdlm_maxsteps2000_corrected,cdlm_maxsteps2000_released,2,3213,0.3349,0.2135,0.1214,0.1043,0.1388,619,229,3.44e-42
cdlm_maxsteps2000_corrected,cdlm_maxsteps2000_released,3,3213,0.3364,0.2113,0.1251,0.1083,0.1422,626,224,1.01e-44
cdlm_maxsteps2000_corrected,cdlm_maxsteps2000_released,4,3213,0.3389,0.2054,0.1335,0.1164,0.1506,639,210,4.59e-51
cdlm_released,mdlm_released,1,3213,0.1749,0.1304,0.0445,0.0345,0.0545,206,63,6.71e-19
cdlm_released,mdlm_released,2,3213,0.2633,0.2256,0.0377,0.0240,0.0514,314,193,8.61e-08
cdlm_released,mdlm_released,3,3213,0.2680,0.2362,0.0317,0.0181,0.0454,298,196,5.13e-06
cdlm_released,mdlm_released,4,3213,0.2723,0.2331,0.0392,0.0252,0.0532,321,195,3.21e-08
cdlm_released,cdlm_ctw_maxsteps2000_released,1,3213,0.1749,0.1964,-0.0215,-0.0364,-0.0065,257,326,4.82e-03
cdlm_released,cdlm_ctw_maxsteps2000_released,2,3213,0.2633,0.1976,0.0657,0.0479,0.0834,534,323,5.62e-13
cdlm_released,cdlm_ctw_maxsteps2000_released,3,3213,0.2680,0.1899,0.0781,0.0601,0.0962,564,313,1.90e-17
cdlm_released,cdlm_ctw_maxsteps2000_released,4,3213,0.2723,0.1895,0.0828,0.0647,0.1005,567,301,1.23e-19
cdlm_maxsteps2000_released,cdlm_ctw_maxsteps2000_released,1,3213,0.1846,0.1964,-0.0118,-0.0249,0.0009,206,244,8.10e-02
cdlm_maxsteps2000_released,cdlm_ctw_maxsteps2000_released,2,3213,0.2135,0.1976,0.0159,0.0003,0.0308,334,283,4.40e-02
cdlm_maxsteps2000_released,cdlm_ctw_maxsteps2000_released,3,3213,0.2113,0.1899,0.0215,0.0062,0.0358,335,266,5.50e-03
cdlm_maxsteps2000_released,cdlm_ctw_maxsteps2000_released,4,3213,0.2054,0.1895,0.0159,0.0006,0.0305,323,272,4.03e-02
