model,T,pass@1,conf_gap,hit@1,hit@3,hit@5
mdlm_corrected,1,0.1055,0.0803,0.1367,0.3229,0.4623
mdlm_corrected,2,0.1674,0.0803,0.1367,0.3229,0.4623
mdlm_corrected,3,0.1753,0.0803,0.1367,0.3229,0.4623
mdlm_corrected,4,0.1754,0.0803,0.1367,0.3229,0.4623
cdlm_corrected,1,0.1929,0.1897,0.2530,0.4545,0.5879
cdlm_corrected,2,0.2512,0.1897,0.2530,0.4545,0.5879
cdlm_corrected,3,0.2558,0.1897,0.2530,0.4545,0.5879
cdlm_corrected,4,0.2497,0.1897,0.2530,0.4545,0.5879
cdlm_ctw_maxsteps2000_corrected,1,0.2424,0.2582,0.3441,0.5034,0.5838
cdlm_ctw_maxsteps2000_corrected,2,0.2420,0.2582,0.3441,0.5034,0.5838
cdlm_ctw_maxsteps2000_corrected,3,0.2420,0.2582,0.3441,0.5034,0.5838
cdlm_ctw_maxsteps2000_corrected,4,0.2430,0.2582,0.3441,0.5034,0.5838
cdlm_maxsteps2000_corrected,1,0.3115,0.3636,0.3880,0.5867,0.6890
cdlm_maxsteps2000_corrected,2,0.3370,0.3636,0.3880,0.5867,0.6890
cdlm_maxsteps2000_corrected,3,0.3380,0.3636,0.3880,0.5867,0.6890
cdlm_maxsteps2000_corrected,4,0.3424,0.3636,0.3880,0.5867,0.6890
mdlm_released,1,0.1386,0.0976,0.1470,0.3427,0.5028
mdlm_released,2,0.2354,0.0976,0.1470,0.3427,0.5028
mdlm_released,3,0.2458,0.0976,0.1470,0.3427,0.5028
mdlm_released,4,0.2445,0.0976,0.1470,0.3427,0.5028
cdlm_released,1,0.1888,0.1636,0.2277,0.4499,0.6058
cdlm_released,2,0.2789,0.1636,0.2277,0.4499,0.6058
cdlm_released,3,0.2814,0.1636,0.2277,0.4499,0.6058
cdlm_released,4,0.2853,0.1636,0.2277,0.4499,0.6058
cdlm_ctw_maxsteps2000_released,1,0.2038,0.1693,0.3252,0.5333,0.6380
cdlm_ctw_maxsteps2000_released,2,0.1924,0.1693,0.3252,0.5333,0.6380
cdlm_ctw_maxsteps2000_released,3,0.1841,0.1693,0.3252,0.5333,0.6380
cdlm_ctw_maxsteps2000_released,4,0.1817,0.1693,0.3252,0.5333,0.6380
cdlm_maxsteps2000_released,1,0.1966,0.1682,0.2741,0.4687,0.5900
cdlm_maxsteps2000_released,2,0.2125,0.1682,0.2741,0.4687,0.5900
cdlm_maxsteps2000_released,3,0.2103,0.1682,0.2741,0.4687,0.5900
cdlm_maxsteps2000_released,4,0.2046,0.1682,0.2741,0.4687,0.5900
