model,T,dataset,error_type,n_samples,pass@1,conf_gap,hit@1,hit@3,hit@5
mdlm_corrected,1,human-eval,operator,230,0.1087,0.0677,0.1826,0.4130,0.5739
mdlm_corrected,1,human-eval,var,118,0.1864,0.1516,0.2203,0.4322,0.6102
mdlm_corrected,1,human-eval,literal,140,0.0929,0.0631,0.0857,0.2000,0.2714
mdlm_corrected,1,human-eval+,operator,258,0.1163,0.0591,0.0698,0.2287,0.4147
mdlm_corrected,1,human-eval+,var,112,0.1518,0.1437,0.1339,0.4018,0.5179
mdlm_corrected,1,human-eval+,literal,155,0.0839,0.0712,0.0645,0.1419,0.2323
mdlm_corrected,1,mbpp,operator,569,0.0826,0.0689,0.1424,0.3339,0.5185
mdlm_corrected,1,mbpp,var,488,0.1107,0.0721,0.1393,0.3811,0.5492
mdlm_corrected,1,mbpp,literal,338,0.0828,0.0774,0.1420,0.2544,0.3550
mdlm_corrected,1,mbpp+,operator,408,0.0613,0.0361,0.1299,0.3775,0.5564
mdlm_corrected,1,mbpp+,var,223,0.1256,0.1011,0.1973,0.4798,0.6143
mdlm_corrected,1,mbpp+,literal,174,0.0632,0.0518,0.1322,0.2299,0.3333
mdlm_corrected,2,human-eval,operator,230,0.1826,0.0677,0.1826,0.4130,0.5739
mdlm_corrected,2,human-eval,var,118,0.2458,0.1516,0.2203,0.4322,0.6102
mdlm_corrected,2,human-eval,literal,140,0.1214,0.0631,0.0857,0.2000,0.2714
mdlm_corrected,2,human-eval+,operator,258,0.2248,0.0591,0.0698,0.2287,0.4147
mdlm_corrected,2,human-eval+,var,112,0.1875,0.1437,0.1339,0.4018,0.5179
mdlm_corrected,2,human-eval+,literal,155,0.2000,0.0712,0.0645,0.1419,0.2323
mdlm_corrected,2,mbpp,operator,569,0.1336,0.0689,0.1424,0.3339,0.5185
mdlm_corrected,2,mbpp,var,488,0.1967,0.0721,0.1393,0.3811,0.5492
mdlm_corrected,2,mbpp,literal,338,0.1006,0.0774,0.1420,0.2544,0.3550
mdlm_corrected,2,mbpp+,operator,408,0.1103,0.0361,0.1299,0.3775,0.5564
mdlm_corrected,2,mbpp+,var,223,0.2018,0.1011,0.1973,0.4798,0.6143
mdlm_corrected,2,mbpp+,literal,174,0.1034,0.0518,0.1322,0.2299,0.3333
mdlm_corrected,3,human-eval,operator,230,0.1957,0.0677,0.1826,0.4130,0.5739
mdlm_corrected,3,human-eval,var,118,0.2627,0.1516,0.2203,0.4322,0.6102
mdlm_corrected,3,human-eval,literal,140,0.1143,0.0631,0.0857,0.2000,0.2714
mdlm_corrected,3,human-eval+,operator,258,0.2558,0.0591,0.0698,0.2287,0.4147
mdlm_corrected,3,human-eval+,var,112,0.2321,0.1437,0.1339,0.4018,0.5179
mdlm_corrected,3,human-eval+,literal,155,0.2000,0.0712,0.0645,0.1419,0.2323
mdlm_corrected,3,mbpp,operator,569,0.1265,0.0689,0.1424,0.3339,0.5185
mdlm_corrected,3,mbpp,var,488,0.2152,0.0721,0.1393,0.3811,0.5492
mdlm_corrected,3,mbpp,literal,338,0.1065,0.0774,0.1420,0.2544,0.3550
mdlm_corrected,3,mbpp+,operator,408,0.1054,0.0361,0.1299,0.3775,0.5564
mdlm_corrected,3,mbpp+,var,223,0.1973,0.1011,0.1973,0.4798,0.6143
mdlm_corrected,3,mbpp+,literal,174,0.0920,0.0518,0.1322,0.2299,0.3333
mdlm_corrected,4,human-eval,operator,230,0.1957,0.0677,0.1826,0.4130,0.5739
mdlm_corrected,4,human-eval,var,118,0.2542,0.1516,0.2203,0.4322,0.6102
mdlm_corrected,4,human-eval,literal,140,0.1071,0.0631,0.0857,0.2000,0.2714
mdlm_corrected,4,human-eval+,operator,258,0.2713,0.0591,0.0698,0.2287,0.4147
mdlm_corrected,4,human-eval+,var,112,0.2232,0.1437,0.1339,0.4018,0.5179
mdlm_corrected,4,human-eval+,literal,155,0.2000,0.0712,0.0645,0.1419,0.2323
mdlm_corrected,4,mbpp,operator,569,0.1265,0.0689,0.1424,0.3339,0.5185
mdlm_corrected,4,mbpp,var,488,0.2131,0.0721,0.1393,0.3811,0.5492
mdlm_corrected,4,mbpp,literal,338,0.1006,0.0774,0.1420,0.2544,0.3550
mdlm_corrected,4,mbpp+,operator,408,0.1152,0.0361,0.1299,0.3775,0.5564
mdlm_corrected,4,mbpp+,var,223,0.1883,0.1011,0.1973,0.4798,0.6143
mdlm_corrected,4,mbpp+,literal,174,0.1092,0.0518,0.1322,0.2299,0.3333
cdlm_corrected,1,human-eval,operator,230,0.2348,0.2155,0.3043,0.5826,0.6913
cdlm_corrected,1,human-eval,var,118,0.4407,0.4129,0.5085,0.7712,0.8644
cdlm_corrected,1,human-eval,literal,140,0.1643,0.1088,0.1643,0.3000,0.4429
cdlm_corrected,1,human-eval+,operator,258,0.2093,0.1887,0.1899,0.4147,0.5853
cdlm_corrected,1,human-eval+,var,112,0.3125,0.3828,0.4018,0.5893,0.7054
cdlm_corrected,1,human-eval+,literal,155,0.1032,0.1006,0.0968,0.2065,0.3355
cdlm_corrected,1,mbpp,operator,569,0.1388,0.1478,0.2214,0.4288,0.5694
cdlm_corrected,1,mbpp,var,488,0.2398,0.2422,0.3033,0.5389,0.7111
cdlm_corrected,1,mbpp,literal,338,0.1036,0.1094,0.1893,0.3107,0.4083
cdlm_corrected,1,mbpp+,operator,408,0.0956,0.0886,0.1961,0.4559,0.6348
cdlm_corrected,1,mbpp+,var,223,0.2152,0.2223,0.3049,0.5740,0.7040
cdlm_corrected,1,mbpp+,literal,174,0.0575,0.0569,0.1552,0.2816,0.4023
cdlm_corrected,2,human-eval,operator,230,0.2609,0.2155,0.3043,0.5826,0.6913
cdlm_corrected,2,human-eval,var,118,0.4153,0.4129,0.5085,0.7712,0.8644
cdlm_corrected,2,human-eval,literal,140,0.2143,0.1088,0.1643,0.3000,0.4429
cdlm_corrected,2,human-eval+,operator,258,0.3488,0.1887,0.1899,0.4147,0.5853
cdlm_corrected,2,human-eval+,var,112,0.3125,0.3828,0.4018,0.5893,0.7054
cdlm_corrected,2,human-eval+,literal,155,0.2774,0.1006,0.0968,0.2065,0.3355
cdlm_corrected,2,mbpp,operator,569,0.1916,0.1478,0.2214,0.4288,0.5694
cdlm_corrected,2,mbpp,var,488,0.2787,0.2422,0.3033,0.5389,0.7111
cdlm_corrected,2,mbpp,literal,338,0.1272,0.1094,0.1893,0.3107,0.4083
cdlm_corrected,2,mbpp+,operator,408,0.1789,0.0886,0.1961,0.4559,0.6348
cdlm_corrected,2,mbpp+,var,223,0.3229,0.2223,0.3049,0.5740,0.7040
cdlm_corrected,2,mbpp+,literal,174,0.0862,0.0569,0.1552,0.2816,0.4023
cdlm_corrected,3,human-eval,operator,230,0.2739,0.2155,0.3043,0.5826,0.6913
cdlm_corrected,3,human-eval,var,118,0.3983,0.4129,0.5085,0.7712,0.8644
cdlm_corrected,3,human-eval,literal,140,0.2143,0.1088,0.1643,0.3000,0.4429
cdlm_corrected,3,human-eval+,operator,258,0.3450,0.1887,0.1899,0.4147,0.5853
cdlm_corrected,3,human-eval+,var,112,0.3036,0.3828,0.4018,0.5893,0.7054
cdlm_corrected,3,human-eval+,literal,155,0.3032,0.1006,0.0968,0.2065,0.3355
cdlm_corrected,3,mbpp,operator,569,0.1986,0.1478,0.2214,0.4288,0.5694
cdlm_corrected,3,mbpp,var,488,0.2910,0.2422,0.3033,0.5389,0.7111
cdlm_corrected,3,mbpp,literal,338,0.1391,0.1094,0.1893,0.3107,0.4083
cdlm_corrected,3,mbpp+,operator,408,0.1740,0.0886,0.1961,0.4559,0.6348
cdlm_corrected,3,mbpp+,var,223,0.3363,0.2223,0.3049,0.5740,0.7040
cdlm_corrected,3,mbpp+,literal,174,0.0920,0.0569,0.1552,0.2816,0.4023
cdlm_corrected,4,human-eval,operator,230,0.2826,0.2155,0.3043,0.5826,0.6913
cdlm_corrected,4,human-eval,var,118,0.3729,0.4129,0.5085,0.7712,0.8644
cdlm_corrected,4,human-eval,literal,140,0.2286,0.1088,0.1643,0.3000,0.4429
cdlm_corrected,4,human-eval+,operator,258,0.3488,0.1887,0.1899,0.4147,0.5853
cdlm_corrected,4,human-eval+,var,112,0.2768,0.3828,0.4018,0.5893,0.7054
cdlm_corrected,4,human-eval+,literal,155,0.2839,0.1006,0.0968,0.2065,0.3355
cdlm_corrected,4,mbpp,operator,569,0.1933,0.1478,0.2214,0.4288,0.5694
cdlm_corrected,4,mbpp,var,488,0.2705,0.2422,0.3033,0.5389,0.7111
cdlm_corrected,4,mbpp,literal,338,0.1420,0.1094,0.1893,0.3107,0.4083
cdlm_corrected,4,mbpp+,operator,408,0.1691,0.0886,0.1961,0.4559,0.6348
cdlm_corrected,4,mbpp+,var,223,0.3184,0.2223,0.3049,0.5740,0.7040
cdlm_corrected,4,mbpp+,literal,174,0.1092,0.0569,0.1552,0.2816,0.4023
cdlm_ctw_maxsteps2000_corrected,1,human-eval,operator,230,0.3565,0.3887,0.4957,0.6696,0.7565
cdlm_ctw_maxsteps2000_corrected,1,human-eval,var,118,0.4492,0.5335,0.6356,0.7627,0.8305
cdlm_ctw_maxsteps2000_corrected,1,human-eval,literal,140,0.1214,0.1256,0.1429,0.2714,0.3571
cdlm_ctw_maxsteps2000_corrected,1,human-eval+,operator,258,0.2984,0.3391,0.4186,0.5930,0.6667
cdlm_ctw_maxsteps2000_corrected,1,human-eval+,var,112,0.4375,0.5345,0.6161,0.7500,0.8036
cdlm_ctw_maxsteps2000_corrected,1,human-eval+,literal,155,0.1226,0.1341,0.1677,0.3484,0.3871
cdlm_ctw_maxsteps2000_corrected,1,mbpp,operator,569,0.2179,0.2046,0.3286,0.4763,0.5817
cdlm_ctw_maxsteps2000_corrected,1,mbpp,var,488,0.3258,0.3158,0.4344,0.6045,0.7070
cdlm_ctw_maxsteps2000_corrected,1,mbpp,literal,338,0.1006,0.0828,0.1331,0.2160,0.2959
cdlm_ctw_maxsteps2000_corrected,1,mbpp+,operator,408,0.1299,0.1124,0.2500,0.4926,0.5956
cdlm_ctw_maxsteps2000_corrected,1,mbpp+,var,223,0.2915,0.2739,0.3857,0.6323,0.7309
cdlm_ctw_maxsteps2000_corrected,1,mbpp+,literal,174,0.0575,0.0527,0.1207,0.2241,0.2931
cdlm_ctw_maxsteps2000_corrected,2,human-eval,operator,230,0.3913,0.3887,0.4957,0.6696,0.7565
cdlm_ctw_maxsteps2000_corrected,2,human-eval,var,118,0.4661,0.5335,0.6356,0.7627,0.8305
cdlm_ctw_maxsteps2000_corrected,2,human-eval,literal,140,0.1643,0.1256,0.1429,0.2714,0.3571
cdlm_ctw_maxsteps2000_corrected,2,human-eval+,operator,258,0.2093,0.3391,0.4186,0.5930,0.6667
cdlm_ctw_maxsteps2000_corrected,2,human-eval+,var,112,0.2857,0.5345,0.6161,0.7500,0.8036
cdlm_ctw_maxsteps2000_corrected,2,human-eval+,literal,155,0.0710,0.1341,0.1677,0.3484,0.3871
cdlm_ctw_maxsteps2000_corrected,2,mbpp,operator,569,0.2742,0.2046,0.3286,0.4763,0.5817
cdlm_ctw_maxsteps2000_corrected,2,mbpp,var,488,0.3566,0.3158,0.4344,0.6045,0.7070
cdlm_ctw_maxsteps2000_corrected,2,mbpp,literal,338,0.1272,0.0828,0.1331,0.2160,0.2959
cdlm_ctw_maxsteps2000_corrected,2,mbpp+,operator,408,0.1740,0.1124,0.2500,0.4926,0.5956
cdlm_ctw_maxsteps2000_corrected,2,mbpp+,var,223,0.3094,0.2739,0.3857,0.6323,0.7309
cdlm_ctw_maxsteps2000_corrected,2,mbpp+,literal,174,0.0747,0.0527,0.1207,0.2241,0.2931
cdlm_ctw_maxsteps2000_corrected,3,human-eval,operator,230,0.3826,0.3887,0.4957,0.6696,0.7565
cdlm_ctw_maxsteps2000_corrected,3,human-eval,var,118,0.4746,0.5335,0.6356,0.7627,0.8305
cdlm_ctw_maxsteps2000_corrected,3,human-eval,literal,140,0.1714,0.1256,0.1429,0.2714,0.3571
cdlm_ctw_maxsteps2000_corrected,3,human-eval+,operator,258,0.1938,0.3391,0.4186,0.5930,0.6667
cdlm_ctw_maxsteps2000_corrected,3,human-eval+,var,112,0.2679,0.5345,0.6161,0.7500,0.8036
cdlm_ctw_maxsteps2000_corrected,3,human-eval+,literal,155,0.0645,0.1341,0.1677,0.3484,0.3871
cdlm_ctw_maxsteps2000_corrected,3,mbpp,operator,569,0.2724,0.2046,0.3286,0.4763,0.5817
cdlm_ctw_maxsteps2000_corrected,3,mbpp,var,488,0.3648,0.3158,0.4344,0.6045,0.7070
cdlm_ctw_maxsteps2000_corrected,3,mbpp,literal,338,0.1302,0.0828,0.1331,0.2160,0.2959
cdlm_ctw_maxsteps2000_corrected,3,mbpp+,operator,408,0.1765,0.1124,0.2500,0.4926,0.5956
cdlm_ctw_maxsteps2000_corrected,3,mbpp+,var,223,0.3139,0.2739,0.3857,0.6323,0.7309
cdlm_ctw_maxsteps2000_corrected,3,mbpp+,literal,174,0.0920,0.0527,0.1207,0.2241,0.2931
cdlm_ctw_maxsteps2000_corrected,4,human-eval,operator,230,0.3870,0.3887,0.4957,0.6696,0.7565
cdlm_ctw_maxsteps2000_corrected,4,human-eval,var,118,0.4831,0.5335,0.6356,0.7627,0.8305
cdlm_ctw_maxsteps2000_corrected,4,human-eval,literal,140,0.1714,0.1256,0.1429,0.2714,0.3571
cdlm_ctw_maxsteps2000_corrected,4,human-eval+,operator,258,0.1860,0.3391,0.4186,0.5930,0.6667
cdlm_ctw_maxsteps2000_corrected,4,human-eval+,var,112,0.2679,0.5345,0.6161,0.7500,0.8036
cdlm_ctw_maxsteps2000_corrected,4,human-eval+,literal,155,0.0645,0.1341,0.1677,0.3484,0.3871
cdlm_ctw_maxsteps2000_corrected,4,mbpp,operator,569,0.2724,0.2046,0.3286,0.4763,0.5817
cdlm_ctw_maxsteps2000_corrected,4,mbpp,var,488,0.3648,0.3158,0.4344,0.6045,0.7070
cdlm_ctw_maxsteps2000_corrected,4,mbpp,literal,338,0.1302,0.0828,0.1331,0.2160,0.2959
cdlm_ctw_maxsteps2000_corrected,4,mbpp+,operator,408,0.1789,0.1124,0.2500,0.4926,0.5956
cdlm_ctw_maxsteps2000_corrected,4,mbpp+,var,223,0.3184,0.2739,0.3857,0.6323,0.7309
cdlm_ctw_maxsteps2000_corrected,4,mbpp+,literal,174,0.0920,0.0527,0.1207,0.2241,0.2931
cdlm_maxsteps2000_corrected,1,human-eval,operator,230,0.4348,0.4884,0.5391,0.7522,0.8174
cdlm_maxsteps2000_corrected,1,human-eval,var,118,0.5678,0.6779,0.6864,0.8305,0.8983
cdlm_maxsteps2000_corrected,1,human-eval,literal,140,0.2143,0.2070,0.2000,0.4286,0.5714
cdlm_maxsteps2000_corrected,1,human-eval+,operator,258,0.3295,0.4412,0.4574,0.6395,0.7364
cdlm_maxsteps2000_corrected,1,human-eval+,var,112,0.5268,0.6762,0.7054,0.8304,0.8839
cdlm_maxsteps2000_corrected,1,human-eval+,literal,155,0.2194,0.2198,0.2000,0.3871,0.5161
cdlm_maxsteps2000_corrected,1,mbpp,operator,569,0.2759,0.2975,0.3445,0.5483,0.6450
cdlm_maxsteps2000_corrected,1,mbpp,var,488,0.3340,0.4207,0.4262,0.6373,0.7336
cdlm_maxsteps2000_corrected,1,mbpp,literal,338,0.1568,0.1665,0.1953,0.3432,0.4467
cdlm_maxsteps2000_corrected,1,mbpp+,operator,408,0.1838,0.1913,0.2990,0.5368,0.6814
cdlm_maxsteps2000_corrected,1,mbpp+,var,223,0.3453,0.4422,0.4305,0.7220,0.8430
cdlm_maxsteps2000_corrected,1,mbpp+,literal,174,0.1494,0.1343,0.1724,0.3851,0.4943
cdlm_maxsteps2000_corrected,2,human-eval,operator,230,0.4522,0.4884,0.5391,0.7522,0.8174
cdlm_maxsteps2000_corrected,2,human-eval,var,118,0.4915,0.6779,0.6864,0.8305,0.8983
cdlm_maxsteps2000_corrected,2,human-eval,literal,140,0.2643,0.2070,0.2000,0.4286,0.5714
cdlm_maxsteps2000_corrected,2,human-eval+,operator,258,0.3721,0.4412,0.4574,0.6395,0.7364
cdlm_maxsteps2000_corrected,2,human-eval+,var,112,0.3661,0.6762,0.7054,0.8304,0.8839
cdlm_maxsteps2000_corrected,2,human-eval+,literal,155,0.2710,0.2198,0.2000,0.3871,0.5161
cdlm_maxsteps2000_corrected,2,mbpp,operator,569,0.3831,0.2975,0.3445,0.5483,0.6450
cdlm_maxsteps2000_corrected,2,mbpp,var,488,0.3648,0.4207,0.4262,0.6373,0.7336
cdlm_maxsteps2000_corrected,2,mbpp,literal,338,0.2485,0.1665,0.1953,0.3432,0.4467
cdlm_maxsteps2000_corrected,2,mbpp+,operator,408,0.2353,0.1913,0.2990,0.5368,0.6814
cdlm_maxsteps2000_corrected,2,mbpp+,var,223,0.3767,0.4422,0.4305,0.7220,0.8430
cdlm_maxsteps2000_corrected,2,mbpp+,literal,174,0.2184,0.1343,0.1724,0.3851,0.4943
cdlm_maxsteps2000_corrected,3,human-eval,operator,230,0.4652,0.4884,0.5391,0.7522,0.8174
cdlm_maxsteps2000_corrected,3,human-eval,var,118,0.5254,0.6779,0.6864,0.8305,0.8983
cdlm_maxsteps2000_corrected,3,human-eval,literal,140,0.2571,0.2070,0.2000,0.4286,0.5714
cdlm_maxsteps2000_corrected,3,human-eval+,operator,258,0.3488,0.4412,0.4574,0.6395,0.7364
cdlm_maxsteps2000_corrected,3,human-eval+,var,112,0.3036,0.6762,0.7054,0.8304,0.8839
cdlm_maxsteps2000_corrected,3,human-eval+,literal,155,0.2968,0.2198,0.2000,0.3871,0.5161
cdlm_maxsteps2000_corrected,3,mbpp,operator,569,0.3673,0.2975,0.3445,0.5483,0.6450
cdlm_maxsteps2000_corrected,3,mbpp,var,488,0.3709,0.4207,0.4262,0.6373,0.7336
cdlm_maxsteps2000_corrected,3,mbpp,literal,338,0.2308,0.1665,0.1953,0.3432,0.4467
cdlm_maxsteps2000_corrected,3,mbpp+,operator,408,0.2745,0.1913,0.2990,0.5368,0.6814
cdlm_maxsteps2000_corrected,3,mbpp+,var,223,0.3857,0.4422,0.4305,0.7220,0.8430
cdlm_maxsteps2000_corrected,3,mbpp+,literal,174,0.2299,0.1343,0.1724,0.3851,0.4943
cdlm_maxsteps2000_corrected,4,human-eval,operator,230,0.4652,0.4884,0.5391,0.7522,0.8174
cdlm_maxsteps2000_corrected,4,human-eval,var,118,0.5169,0.6779,0.6864,0.8305,0.8983
cdlm_maxsteps2000_corrected,4,human-eval,literal,140,0.2643,0.2070,0.2000,0.4286,0.5714
cdlm_maxsteps2000_corrected,4,human-eval+,operator,258,0.3605,0.4412,0.4574,0.6395,0.7364
cdlm_maxsteps2000_corrected,4,human-eval+,var,112,0.3571,0.6762,0.7054,0.8304,0.8839
cdlm_maxsteps2000_corrected,4,human-eval+,literal,155,0.2968,0.2198,0.2000,0.3871,0.5161
cdlm_maxsteps2000_corrected,4,mbpp,operator,569,0.3638,0.2975,0.3445,0.5483,0.6450
cdlm_maxsteps2000_corrected,4,mbpp,var,488,0.3730,0.4207,0.4262,0.6373,0.7336
cdlm_maxsteps2000_corrected,4,mbpp,literal,338,0.2396,0.1665,0.1953,0.3432,0.4467
cdlm_maxsteps2000_corrected,4,mbpp+,operator,408,0.2745,0.1913,0.2990,0.5368,0.6814
cdlm_maxsteps2000_corrected,4,mbpp+,var,223,0.3901,0.4422,0.4305,0.7220,0.8430
cdlm_maxsteps2000_corrected,4,mbpp+,literal,174,0.2069,0.1343,0.1724,0.3851,0.4943
mdlm_released,1,human-eval,operator,230,0.2000,0.1008,0.1783,0.4391,0.6348
mdlm_released,1,human-eval,var,118,0.2288,0.1665,0.2627,0.4492,0.6102
mdlm_released,1,human-eval,literal,140,0.1214,0.0741,0.0929,0.2214,0.3714
mdlm_released,1,human-eval+,operator,258,0.1744,0.0812,0.0698,0.2636,0.4380
mdlm_released,1,human-eval+,var,112,0.1339,0.1632,0.1250,0.3482,0.5000
mdlm_released,1,human-eval+,literal,155,0.1032,0.0831,0.0710,0.1677,0.2839
mdlm_released,1,mbpp,operator,569,0.1090,0.0880,0.1564,0.3954,0.5870
mdlm_released,1,mbpp,var,488,0.1250,0.0870,0.1434,0.3525,0.5348
mdlm_released,1,mbpp,literal,338,0.1213,0.0963,0.1716,0.3195,0.4290
mdlm_released,1,mbpp+,operator,408,0.0907,0.0508,0.1422,0.4044,0.6225
mdlm_released,1,mbpp+,var,223,0.1525,0.1173,0.2018,0.4753,0.6368
mdlm_released,1,mbpp+,literal,174,0.1034,0.0635,0.1494,0.2759,0.3851
mdlm_released,4,human-eval,operator,230,0.2957,0.1008,0.1783,0.4391,0.6348
mdlm_released,4,human-eval,var,118,0.2881,0.1665,0.2627,0.4492,0.6102
mdlm_released,4,human-eval,literal,140,0.1714,0.0741,0.0929,0.2214,0.3714
mdlm_released,4,human-eval+,operator,258,0.3837,0.0812,0.0698,0.2636,0.4380
mdlm_released,4,human-eval+,var,112,0.3393,0.1632,0.1250,0.3482,0.5000
mdlm_released,4,human-eval+,literal,155,0.2710,0.0831,0.0710,0.1677,0.2839
mdlm_released,4,mbpp,operator,569,0.1898,0.0880,0.1564,0.3954,0.5870
mdlm_released,4,mbpp,var,488,0.2520,0.0870,0.1434,0.3525,0.5348
mdlm_released,4,mbpp,literal,338,0.1746,0.0963,0.1716,0.3195,0.4290
mdlm_released,4,mbpp+,operator,408,0.1814,0.0508,0.1422,0.4044,0.6225
mdlm_released,4,mbpp+,var,223,0.2601,0.1173,0.2018,0.4753,0.6368
mdlm_released,4,mbpp+,literal,174,0.1264,0.0635,0.1494,0.2759,0.3851
mdlm_released,2,human-eval,operator,230,0.2696,0.1008,0.1783,0.4391,0.6348
mdlm_released,2,human-eval,var,118,0.2458,0.1665,0.2627,0.4492,0.6102
mdlm_released,2,human-eval,literal,140,0.1714,0.0741,0.0929,0.2214,0.3714
mdlm_released,2,human-eval+,operator,258,0.3760,0.0812,0.0698,0.2636,0.4380
mdlm_released,2,human-eval+,var,112,0.3125,0.1632,0.1250,0.3482,0.5000
mdlm_released,2,human-eval+,literal,155,0.2452,0.0831,0.0710,0.1677,0.2839
mdlm_released,2,mbpp,operator,569,0.1933,0.0880,0.1564,0.3954,0.5870
mdlm_released,2,mbpp,var,488,0.2357,0.0870,0.1434,0.3525,0.5348
mdlm_released,2,mbpp,literal,338,0.1598,0.0963,0.1716,0.3195,0.4290
mdlm_released,2,mbpp+,operator,408,0.1716,0.0508,0.1422,0.4044,0.6225
mdlm_released,2,mbpp+,var,223,0.2780,0.1173,0.2018,0.4753,0.6368
mdlm_released,2,mbpp+,literal,174,0.1667,0.0635,0.1494,0.2759,0.3851
mdlm_released,3,human-eval,operator,230,0.2913,0.1008,0.1783,0.4391,0.6348
mdlm_released,3,human-eval,var,118,0.2797,0.1665,0.2627,0.4492,0.6102
mdlm_released,3,human-eval,literal,140,0.1714,0.0741,0.0929,0.2214,0.3714
mdlm_released,3,human-eval+,operator,258,0.3992,0.0812,0.0698,0.2636,0.4380
mdlm_released,3,human-eval+,var,112,0.3393,0.1632,0.1250,0.3482,0.5000
mdlm_released,3,human-eval+,literal,155,0.2645,0.0831,0.0710,0.1677,0.2839
mdlm_released,3,mbpp,operator,569,0.1951,0.0880,0.1564,0.3954,0.5870
mdlm_released,3,mbpp,var,488,0.2561,0.0870,0.1434,0.3525,0.5348
mdlm_released,3,mbpp,literal,338,0.1893,0.0963,0.1716,0.3195,0.4290
mdlm_released,3,mbpp+,operator,408,0.1814,0.0508,0.1422,0.4044,0.6225
mdlm_released,3,mbpp+,var,223,0.2556,0.1173,0.2018,0.4753,0.6368
mdlm_released,3,mbpp+,literal,174,0.1264,0.0635,0.1494,0.2759,0.3851
cdlm_released,1,human-eval,operator,230,0.2652,0.1946,0.3217,0.5870,0.7739
cdlm_released,1,human-eval,var,118,0.3729,0.3076,0.3983,0.7373,0.7966
cdlm_released,1,human-eval,literal,140,0.1786,0.1082,0.1571,0.3214,0.4571
cdlm_released,1,human-eval+,operator,258,0.2093,0.1717,0.1589,0.4070,0.6202
cdlm_released,1,human-eval+,var,112,0.2500,0.2914,0.2946,0.5268,0.6875
cdlm_released,1,human-eval+,literal,155,0.1161,0.1083,0.0903,0.2323,0.3677
cdlm_released,1,mbpp,operator,569,0.1441,0.1370,0.2144,0.4552,0.6116
cdlm_released,1,mbpp,var,488,0.2131,0.1865,0.2725,0.4795,0.6701
cdlm_released,1,mbpp,literal,338,0.1331,0.1146,0.1923,0.3373,0.4704
cdlm_released,1,mbpp+,operator,408,0.1054,0.0819,0.1887,0.4853,0.6887
cdlm_released,1,mbpp+,var,223,0.1973,0.1956,0.2825,0.5247,0.6771
cdlm_released,1,mbpp+,literal,174,0.0805,0.0662,0.1609,0.3046,0.4483
cdlm_released,4,human-eval,operator,230,0.3348,0.1946,0.3217,0.5870,0.7739
cdlm_released,4,human-eval,var,118,0.3983,0.3076,0.3983,0.7373,0.7966
cdlm_released,4,human-eval,literal,140,0.2286,0.1082,0.1571,0.3214,0.4571
cdlm_released,4,human-eval+,operator,258,0.4419,0.1717,0.1589,0.4070,0.6202
cdlm_released,4,human-eval+,var,112,0.3125,0.2914,0.2946,0.5268,0.6875
cdlm_released,4,human-eval+,literal,155,0.3484,0.1083,0.0903,0.2323,0.3677
cdlm_released,4,mbpp,operator,569,0.2302,0.1370,0.2144,0.4552,0.6116
cdlm_released,4,mbpp,var,488,0.2889,0.1865,0.2725,0.4795,0.6701
cdlm_released,4,mbpp,literal,338,0.1953,0.1146,0.1923,0.3373,0.4704
cdlm_released,4,mbpp+,operator,408,0.2206,0.0819,0.1887,0.4853,0.6887
cdlm_released,4,mbpp+,var,223,0.2915,0.1956,0.2825,0.5247,0.6771
cdlm_released,4,mbpp+,literal,174,0.1322,0.0662,0.1609,0.3046,0.4483
cdlm_released,2,human-eval,operator,230,0.3261,0.1946,0.3217,0.5870,0.7739
cdlm_released,2,human-eval,var,118,0.3898,0.3076,0.3983,0.7373,0.7966
cdlm_released,2,human-eval,literal,140,0.2286,0.1082,0.1571,0.3214,0.4571
cdlm_released,2,human-eval+,operator,258,0.4225,0.1717,0.1589,0.4070,0.6202
cdlm_released,2,human-eval+,var,112,0.3482,0.2914,0.2946,0.5268,0.6875
cdlm_released,2,human-eval+,literal,155,0.3226,0.1083,0.0903,0.2323,0.3677
cdlm_released,2,mbpp,operator,569,0.2179,0.1370,0.2144,0.4552,0.6116
cdlm_released,2,mbpp,var,488,0.2910,0.1865,0.2725,0.4795,0.6701
cdlm_released,2,mbpp,literal,338,0.1805,0.1146,0.1923,0.3373,0.4704
cdlm_released,2,mbpp+,operator,408,0.1936,0.0819,0.1887,0.4853,0.6887
cdlm_released,2,mbpp+,var,223,0.3049,0.1956,0.2825,0.5247,0.6771
cdlm_released,2,mbpp+,literal,174,0.1207,0.0662,0.1609,0.3046,0.4483
cdlm_released,3,human-eval,operator,230,0.3174,0.1946,0.3217,0.5870,0.7739
cdlm_released,3,human-eval,var,118,0.3729,0.3076,0.3983,0.7373,0.7966
cdlm_released,3,human-eval,literal,140,0.2214,0.1082,0.1571,0.3214,0.4571
cdlm_released,3,human-eval+,operator,258,0.4574,0.1717,0.1589,0.4070,0.6202
cdlm_released,3,human-eval+,var,112,0.3304,0.2914,0.2946,0.5268,0.6875
cdlm_released,3,human-eval+,literal,155,0.3484,0.1083,0.0903,0.2323,0.3677
cdlm_released,3,mbpp,operator,569,0.2144,0.1370,0.2144,0.4552,0.6116
cdlm_released,3,mbpp,var,488,0.3053,0.1865,0.2725,0.4795,0.6701
cdlm_released,3,mbpp,literal,338,0.1834,0.1146,0.1923,0.3373,0.4704
cdlm_released,3,mbpp+,operator,408,0.2034,0.0819,0.1887,0.4853,0.6887
cdlm_released,3,mbpp+,var,223,0.2960,0.1956,0.2825,0.5247,0.6771
cdlm_released,3,mbpp+,literal,174,0.1264,0.0662,0.1609,0.3046,0.4483
cdlm_ctw_maxsteps2000_released,1,human-eval,operator,230,0.3435,0.2587,0.4870,0.7217,0.8391
cdlm_ctw_maxsteps2000_released,1,human-eval,var,118,0.4153,0.3317,0.5424,0.7034,0.7881
cdlm_ctw_maxsteps2000_released,1,human-eval,literal,140,0.1000,0.0501,0.1643,0.3786,0.5000
cdlm_ctw_maxsteps2000_released,1,human-eval+,operator,258,0.2481,0.2620,0.3760,0.6822,0.8101
cdlm_ctw_maxsteps2000_released,1,human-eval+,var,112,0.3125,0.3535,0.4464,0.7321,0.7857
cdlm_ctw_maxsteps2000_released,1,human-eval+,literal,155,0.1097,0.0894,0.1355,0.2968,0.4323
cdlm_ctw_maxsteps2000_released,1,mbpp,operator,569,0.2144,0.1517,0.3989,0.6011,0.7188
cdlm_ctw_maxsteps2000_released,1,mbpp,var,488,0.2090,0.1719,0.3156,0.5020,0.6373
cdlm_ctw_maxsteps2000_released,1,mbpp,literal,338,0.1095,0.0705,0.1686,0.3047,0.3550
cdlm_ctw_maxsteps2000_released,1,mbpp+,operator,408,0.1520,0.1056,0.3775,0.6740,0.7868
cdlm_ctw_maxsteps2000_released,1,mbpp+,var,223,0.1973,0.1571,0.3408,0.5561,0.6637
cdlm_ctw_maxsteps2000_released,1,mbpp+,literal,174,0.0345,0.0295,0.1494,0.2471,0.3391
cdlm_ctw_maxsteps2000_released,2,human-eval,operator,230,0.3783,0.2587,0.4870,0.7217,0.8391
cdlm_ctw_maxsteps2000_released,2,human-eval,var,118,0.3814,0.3317,0.5424,0.7034,0.7881
cdlm_ctw_maxsteps2000_released,2,human-eval,literal,140,0.1571,0.0501,0.1643,0.3786,0.5000
cdlm_ctw_maxsteps2000_released,2,human-eval+,operator,258,0.1163,0.2620,0.3760,0.6822,0.8101
cdlm_ctw_maxsteps2000_released,2,human-eval+,var,112,0.1429,0.3535,0.4464,0.7321,0.7857
cdlm_ctw_maxsteps2000_released,2,human-eval+,literal,155,0.0710,0.0894,0.1355,0.2968,0.4323
cdlm_ctw_maxsteps2000_released,2,mbpp,operator,569,0.2390,0.1517,0.3989,0.6011,0.7188
cdlm_ctw_maxsteps2000_released,2,mbpp,var,488,0.2254,0.1719,0.3156,0.5020,0.6373
cdlm_ctw_maxsteps2000_released,2,mbpp,literal,338,0.1154,0.0705,0.1686,0.3047,0.3550
cdlm_ctw_maxsteps2000_released,2,mbpp+,operator,408,0.1887,0.1056,0.3775,0.6740,0.7868
cdlm_ctw_maxsteps2000_released,2,mbpp+,var,223,0.2242,0.1571,0.3408,0.5561,0.6637
cdlm_ctw_maxsteps2000_released,2,mbpp+,literal,174,0.0690,0.0295,0.1494,0.2471,0.3391
cdlm_ctw_maxsteps2000_released,3,human-eval,operator,230,0.3696,0.2587,0.4870,0.7217,0.8391
cdlm_ctw_maxsteps2000_released,3,human-eval,var,118,0.3729,0.3317,0.5424,0.7034,0.7881
cdlm_ctw_maxsteps2000_released,3,human-eval,literal,140,0.1571,0.0501,0.1643,0.3786,0.5000
cdlm_ctw_maxsteps2000_released,3,human-eval+,operator,258,0.0891,0.2620,0.3760,0.6822,0.8101
cdlm_ctw_maxsteps2000_released,3,human-eval+,var,112,0.1071,0.3535,0.4464,0.7321,0.7857
cdlm_ctw_maxsteps2000_released,3,human-eval+,literal,155,0.0839,0.0894,0.1355,0.2968,0.4323
cdlm_ctw_maxsteps2000_released,3,mbpp,operator,569,0.2355,0.1517,0.3989,0.6011,0.7188
cdlm_ctw_maxsteps2000_released,3,mbpp,var,488,0.2213,0.1719,0.3156,0.5020,0.6373
cdlm_ctw_maxsteps2000_released,3,mbpp,literal,338,0.1213,0.0705,0.1686,0.3047,0.3550
cdlm_ctw_maxsteps2000_released,3,mbpp+,operator,408,0.1642,0.1056,0.3775,0.6740,0.7868
cdlm_ctw_maxsteps2000_released,3,mbpp+,var,223,0.2242,0.1571,0.3408,0.5561,0.6637
cdlm_ctw_maxsteps2000_released,3,mbpp+,literal,174,0.0632,0.0295,0.1494,0.2471,0.3391
cdlm_ctw_maxsteps2000_released,4,human-eval,operator,230,0.3696,0.2587,0.4870,0.7217,0.8391
cdlm_ctw_maxsteps2000_released,4,human-eval,var,118,0.3814,0.3317,0.5424,0.7034,0.7881
cdlm_ctw_maxsteps2000_released,4,human-eval,literal,140,0.1571,0.0501,0.1643,0.3786,0.5000
cdlm_ctw_maxsteps2000_released,4,human-eval+,operator,258,0.0853,0.2620,0.3760,0.6822,0.8101
cdlm_ctw_maxsteps2000_released,4,human-eval+,var,112,0.0893,0.3535,0.4464,0.7321,0.7857
cdlm_ctw_maxsteps2000_released,4,human-eval+,literal,155,0.0645,0.0894,0.1355,0.2968,0.4323
cdlm_ctw_maxsteps2000_released,4,mbpp,operator,569,0.2373,0.1517,0.3989,0.6011,0.7188
cdlm_ctw_maxsteps2000_released,4,mbpp,var,488,0.2254,0.1719,0.3156,0.5020,0.6373
cdlm_ctw_maxsteps2000_released,4,mbpp,literal,338,0.1213,0.0705,0.1686,0.3047,0.3550
cdlm_ctw_maxsteps2000_released,4,mbpp+,operator,408,0.1716,0.1056,0.3775,0.6740,0.7868
cdlm_ctw_maxsteps2000_released,4,mbpp+,var,223,0.2197,0.1571,0.3408,0.5561,0.6637
cdlm_ctw_maxsteps2000_released,4,mbpp+,literal,174,0.0575,0.0295,0.1494,0.2471,0.3391
cdlm_maxsteps2000_released,1,human-eval,operator,230,0.3174,0.2322,0.4000,0.7000,0.8174
cdlm_maxsteps2000_released,1,human-eval,var,118,0.3983,0.3430,0.4831,0.7288,0.7712
cdlm_maxsteps2000_released,1,human-eval,literal,140,0.0857,0.0480,0.1143,0.2714,0.3929
cdlm_maxsteps2000_released,1,human-eval+,operator,258,0.2481,0.2398,0.3178,0.5116,0.6977
cdlm_maxsteps2000_released,1,human-eval+,var,112,0.2857,0.3477,0.4286,0.5893,0.7054
cdlm_maxsteps2000_released,1,human-eval+,literal,155,0.1226,0.1099,0.1548,0.2903,0.4129
cdlm_maxsteps2000_released,1,mbpp,operator,569,0.1757,0.1358,0.2759,0.4868,0.6274
cdlm_maxsteps2000_released,1,mbpp,var,488,0.2090,0.1843,0.2807,0.4467,0.6045
cdlm_maxsteps2000_released,1,mbpp,literal,338,0.0769,0.0641,0.1154,0.2130,0.2988
cdlm_maxsteps2000_released,1,mbpp+,operator,408,0.1275,0.0821,0.3113,0.5931,0.7377
cdlm_maxsteps2000_released,1,mbpp+,var,223,0.2377,0.1822,0.2870,0.5516,0.6861
cdlm_maxsteps2000_released,1,mbpp+,literal,174,0.0747,0.0488,0.1207,0.2414,0.3276
cdlm_maxsteps2000_released,2,human-eval,operator,230,0.3348,0.2322,0.4000,0.7000,0.8174
cdlm_maxsteps2000_released,2,human-eval,var,118,0.4153,0.3430,0.4831,0.7288,0.7712
cdlm_maxsteps2000_released,2,human-eval,literal,140,0.1571,0.0480,0.1143,0.2714,0.3929
cdlm_maxsteps2000_released,2,human-eval+,operator,258,0.1395,0.2398,0.3178,0.5116,0.6977
cdlm_maxsteps2000_released,2,human-eval+,var,112,0.1786,0.3477,0.4286,0.5893,0.7054
cdlm_maxsteps2000_released,2,human-eval+,literal,155,0.1290,0.1099,0.1548,0.2903,0.4129
cdlm_maxsteps2000_released,2,mbpp,operator,569,0.2460,0.1358,0.2759,0.4868,0.6274
cdlm_maxsteps2000_released,2,mbpp,var,488,0.2439,0.1843,0.2807,0.4467,0.6045
cdlm_maxsteps2000_released,2,mbpp,literal,338,0.1361,0.0641,0.1154,0.2130,0.2988
cdlm_maxsteps2000_released,2,mbpp+,operator,408,0.1936,0.0821,0.3113,0.5931,0.7377
cdlm_maxsteps2000_released,2,mbpp+,var,223,0.2556,0.1822,0.2870,0.5516,0.6861
cdlm_maxsteps2000_released,2,mbpp+,literal,174,0.1207,0.0488,0.1207,0.2414,0.3276
cdlm_maxsteps2000_released,3,human-eval,operator,230,0.3435,0.2322,0.4000,0.7000,0.8174
cdlm_maxsteps2000_released,3,human-eval,var,118,0.4237,0.3430,0.4831,0.7288,0.7712
cdlm_maxsteps2000_released,3,human-eval,literal,140,0.1643,0.0480,0.1143,0.2714,0.3929
cdlm_maxsteps2000_released,3,human-eval+,operator,258,0.1357,0.2398,0.3178,0.5116,0.6977
cdlm_maxsteps2000_released,3,human-eval+,var,112,0.1696,0.3477,0.4286,0.5893,0.7054
cdlm_maxsteps2000_released,3,human-eval+,literal,155,0.0968,0.1099,0.1548,0.2903,0.4129
cdlm_maxsteps2000_released,3,mbpp,operator,569,0.2408,0.1358,0.2759,0.4868,0.6274
cdlm_maxsteps2000_released,3,mbpp,var,488,0.2295,0.1843,0.2807,0.4467,0.6045
cdlm_maxsteps2000_released,3,mbpp,literal,338,0.1361,0.0641,0.1154,0.2130,0.2988
cdlm_maxsteps2000_released,3,mbpp+,operator,408,0.2108,0.0821,0.3113,0.5931,0.7377
cdlm_maxsteps2000_released,3,mbpp+,var,223,0.2466,0.1822,0.2870,0.5516,0.6861
cdlm_maxsteps2000_released,3,mbpp+,literal,174,0.1264,0.0488,0.1207,0.2414,0.3276
cdlm_maxsteps2000_released,4,human-eval,operator,230,0.3435,0.2322,0.4000,0.7000,0.8174
cdlm_maxsteps2000_released,4,human-eval,var,118,0.4153,0.3430,0.4831,0.7288,0.7712
cdlm_maxsteps2000_released,4,human-eval,literal,140,0.1571,0.0480,0.1143,0.2714,0.3929
cdlm_maxsteps2000_released,4,human-eval+,operator,258,0.1357,0.2398,0.3178,0.5116,0.6977
cdlm_maxsteps2000_released,4,human-eval+,var,112,0.1696,0.3477,0.4286,0.5893,0.7054
cdlm_maxsteps2000_released,4,human-eval+,literal,155,0.0968,0.1099,0.1548,0.2903,0.4129
cdlm_maxsteps2000_released,4,mbpp,operator,569,0.2320,0.1358,0.2759,0.4868,0.6274
cdlm_maxsteps2000_released,4,mbpp,var,488,0.2295,0.1843,0.2807,0.4467,0.6045
cdlm_maxsteps2000_released,4,mbpp,literal,338,0.1302,0.0641,0.1154,0.2130,0.2988
cdlm_maxsteps2000_released,4,mbpp+,operator,408,0.1961,0.0821,0.3113,0.5931,0.7377
cdlm_maxsteps2000_released,4,mbpp+,var,223,0.2466,0.1822,0.2870,0.5516,0.6861
cdlm_maxsteps2000_released,4,mbpp+,literal,174,0.1034,0.0488,0.1207,0.2414,0.3276
