# nvidia/Nemotron-Pretraining-SFT-v1 @ af7991c59eeb5e53a98bb6b1ee7a96cc3754eb39, Nemotron-SFT-Code/
# Rows are in the order os.listdir() returned them on the machine that ran the paper's A100 runs,
# i.e. the shard order build_iterative_dataset() passed to datasets.load_dataset().
# sha256 is the Git LFS oid recorded by huggingface_hub at download time.
file	bytes	rows	sha256
part_000025.parquet	625934928	990208	cfe2a404701fc4fbe104ddfb58168688a3b3557b19f84bcfd24a79e4df8779cd
part_000039.parquet	543428764	975872	790cd13ef8ec03d26e2b0ea033e5464ac9508773c237481a1b280f727c456fb6
part_000024.parquet	775847035	987294	034da1cbae225e55be9f4bfd266f93df78b87f5b8659b929fe0e148e1ac91830
part_000018.parquet	814930480	995290	59914e9b5a308427ea6a78346d1bc97b280ad931b0e647e353e23a6ce763ff92
part_000052.parquet	459133234	992917	fa1691f06f0507264c6d39436644f3727d1d1e9238070c99113c1d63d7fe99e2
part_000021.parquet	650344898	977920	55acda864ca97dfe91a6820cb48fdce332265dad9e7ef88daa4a1871b34ce8e9
part_000012.parquet	779155135	992256	8e98914ad21141370c73f346138771d1525af94e0eb2ff845ecf92bf00f8bd7e
part_000010.parquet	808164155	992256	93e9d84206e6a4f945c73d60588496afc754427f1cabeb34dae9ca347bbd6507
part_000035.parquet	451736021	984929	5180f12bf30da7fa9abcb6c7ce4513802ee38cb153b99261b733e140bc5cd539
part_000006.parquet	746715677	989184	2431a1a24b06cc90c55620f9d59e6ea5a1a01bd9613a963bed68cd5c8fdc7086
part_000009.parquet	797954675	996352	2b5ef532216126f98c17feb6030cb976808dfc2f674bd8de02b3d8ce4d845077
part_000067.parquet	990861257	983931	6cde41fadd12a16be0941e3d28d28af569cb51f2506c8b3eb15e0873c511af29
part_000064.parquet	1247159650	982048	ad281f6ac7f36afc38425453be546b8b726d975bcd30c7562c02b1fc60602982
part_000053.parquet	580683427	990656	3332fe1255ab5a172808818e794e7572fd48ed47968b55e780c4c366eb3f8209
part_000071.parquet	1033717030	993091	9d3d1f4609be683223e02bcf726f2040180ad8b49de619a1646dc7712a4507b0
part_000033.parquet	561561318	979968	a521fb965b8ae0b77d1de940d6fc42fa9d2728914df9966a2a066bbb4da507aa
part_000061.parquet	744738925	979480	a823eddb14492b22616772c48780492b7f39c2791e373df060ac6fc901401294
part_000037.parquet	481843680	998182	1e66fa50ceeefa8b00c56af7a5d2b4d5b657d50d241e6085ca5273b816fccfe9
part_000057.parquet	1232263190	982016	646763d8c0ef81641b03b13444ae9514edf6874de2e62e06e5912045445832fe
part_000058.parquet	1239616038	996352	325658466884a66ac04f3859a6b30bb15a058e40b2cb037e537b4abc378db129
part_000030.parquet	612345293	996352	99c1451f50d795b761496ea12f5e0fb9794942f9a837bdae9b4c2778e7ca2ebc
part_000044.parquet	478666981	983451	71b2ef88aa256a9ca280c890d962cf856fa2650fc8aae40bc1f44cb4b2982dc4
part_000046.parquet	499177244	979968	58c50af5932c54be6dae388a949af91d75a1f01bef3ab8e1c572e5427b220a46
part_000032.parquet	471498050	983040	e8ea4ff3171d539253cc2c62ab5b479947beffce786633cb97566f4837e36945
part_000075.parquet	654827987	984775	7fcc5cbe261bf1579531ff4e16061b6111f5f66fa479b61f7c57930e4ef40123
part_000047.parquet	352741563	986112	98c201da4270c326f2ebd42e625cfb9c7ada9015d10e6cc383efe03d0620f914
part_000054.parquet	950669318	994009	3b47ad5da734550426b5b8e4356997bd10c3b86b28f2f47e5db5aba8f0bb63ff
part_000051.parquet	402971897	979968	3dd8f182cfd4a2e6f7ebb51aece178181a86445a7cd9fa87f785264f575cb4e6
part_000074.parquet	549285310	988160	da7a32e85fc791f2e53f762e2d28c2de983453ed84a608479f69e6b0c4776cc5
part_000065.parquet	1130500383	998400	187b8e24fec3402486393a4b3fa861804c75d9e54fafd2fe1c358fd5ae4f3863
part_000016.parquet	882460147	983324	992278da5c00aed692a57df52ecf8f01bf5f9038c56df4981e2d3a864ea461e4
part_000027.parquet	546000673	988160	ee7f514fe9a45fac02cacffa2cfe5c8f826182079caee6af453f964de8dc411f
part_000005.parquet	867128623	985088	a1dac30412bfea54dcc43c28b16a76e26aaec25e42bfde780a22479ca3fce051
part_000029.parquet	600334387	984064	54e76c83f2a66f0d5062a7d7472cb9bd4edb891194feba65423a0f52dc9376dc
part_000019.parquet	935088092	978944	8124061bf239e7234699e4b0331534b3d1ca309d2c4949015698890aa441f03f
part_000023.parquet	993802574	985023	adec3397c924a516d5cdadf1c669ea04208c3bf924d7574a7f80d7b2a0d456b8
part_000001.parquet	777793369	988160	3a2c56dc175cce28e53f036d0d5101679e7f576ec9f16da43a1df0a2bbdc175f
part_000068.parquet	997071375	982016	bb7e7e996bbed6af3c027ed586cafbde64fb7d4de883af71e350cef4edc28cca
part_000059.parquet	894999736	988160	bdb09e0c471d5ff25a22b11c860c4a4f82cb4dd6cab7f97c4fa1791438813a41
part_000060.parquet	1103201889	998400	1b0ae4ddbb79f750024d1097054d720fa651a56fbe9ea4e5424e629e1462bba7
part_000048.parquet	467609822	999424	270404c68fc69a62290d020860f3a26ca3e3e911165241d43da8d74216748128
part_000022.parquet	621231741	997828	a6b9b1bc1f00d2b5f2e05e65ff3eab5c32b41a290e5ee7af26cc15d932c073c4
part_000007.parquet	861570534	984064	7b4914c7a0b4c0c9327a634a49eeeffb0c87c906a36d7fca352bb19d2b5b394b
part_000000.parquet	718221767	998400	20201cf93022d5f0c523ee0dd92ebd4b2b4164d53b358cb1db8bdf187e013df6
part_000076.parquet	609610253	978161	9329a3355ad1946c43e4c28cc8a6dff8a53efbded86917b83c99794c8edb7b62
part_000070.parquet	1057659051	979529	6af125b646e20a59765458e47f0f93fac07abdfa198298fcd8507af69c2ac10f
part_000038.parquet	452269795	989184	4ca84ffe0676f33b82671e705dfd72aac4e361a994607f660300c68e05e8faa1
part_000014.parquet	970935114	997376	a31cdc73f0e76ac8a24811d3222be3dcf9374bb508c4e38d7c03d940f1572479
part_000015.parquet	877651033	996352	be73398b44841fb2556e47565ae6c997f49f2f56904250d083b5f4d17f4383d9
part_000043.parquet	492190523	987868	a64c57062ceec369c9fe81b86811cb6d13ccc845abe3cd5df7cc9a22f61f2d40
part_000036.parquet	581212983	991358	0a9e12797a9ad2f0cf7beb9f4c60af6890e76233fbf879c3f9b703ca18774fbe
part_000072.parquet	1525279850	995937	643aa7506ebab0efeb41c3a4384184c4e7f3fb6f7e730510dadbef59a3da15e1
part_000004.parquet	743649329	997376	280a3b41f4a0487543036b053f679f14a5ecf0cff269a6fbfc8d63d991d85f3a
part_000017.parquet	862544068	999715	918e6c31221b94a5514a93c94a2eb71311010e91d63e82ebe6a1da59482ec508
part_000011.parquet	835980491	985088	14555e31ee0bb54eb7e33ce89cb8de3ca744508004a750b3dbaa4c4c16ebaa5c
part_000031.parquet	513913457	988160	15cc1dab6e3292cda8058cb2f1c96fb089340821cc3dc0ddc9ef4f3d55bce094
part_000040.parquet	498337437	997376	3b47204b34ec3c18ee04e0351a371a17a851cb15e2c765629487b60979c74595
part_000002.parquet	622795289	975872	e099a4fdf45326a4fe112e3747affe34587b449c5b996ea1e90f308195ab14fe
part_000020.parquet	757221783	985088	f754ab31ba01663cf14b2eeba5411ba681a6149975f5bfe434de6b37e24eeb42
part_000008.parquet	730575767	988160	97e095d4987f892ee659e8a45205ceb127f1804b6ef77ac8535afee36df710ab
part_000041.parquet	635034933	985088	f2b0e5a59adc2ae14519ca8d324fbd8506237f641dd032022228845ea3485b3f
part_000073.parquet	832386231	990690	494ab5e442e67937bb8df0b993b42b9d5bf9146a9aede2eb412807a710102b1a
part_000056.parquet	1948881187	986112	b96cb7cc04a6ece228852c43be2cea194b2b5235ec8e4f86f0d74466f8c0f6c5
part_000028.parquet	612860747	995328	98dccb044ac080db6d6138a49c41ba0ad2b22a4c969d4e2fd53e0953a49ad8be
part_000069.parquet	1516590560	998400	24c97769cf2cffe3256f9084275b93d928a61a47bbf7cc4a0dfc3269040aa731
part_000026.parquet	550257705	985158	760da778ca4b7e953a91884dc73d0e42c87ecd2a386b300d24a85015a5e2d763
part_000077.parquet	201860133	327256	026adfd140f07564cafdd56011610b2ebd57b6bfb6533d2c5ef51654cf8df0d8
part_000045.parquet	482528879	979825	84cbf84dd7ca48808dbc8ab87fef9723231da058b8ee92edc68a5450a8c658e1
part_000063.parquet	1089200889	991232	a5f6798e32afb55449554fa15485ddfa57f029582d1a149fd8d669ba67877dbc
part_000034.parquet	620154781	981277	c5834efebcfc03acadace2f491b44bcf537460bd807bbbd6e13ac7514973861d
part_000050.parquet	484958635	990208	6689b2a9cbee67ce959116f502bcb9279347ca1a58d127abb6bb6196a0ff3f58
part_000049.parquet	400107417	975872	21e7c5cd1bc94e3b93efd09079e5011f84d4449a024e02dce09769fcab5e42b4
part_000066.parquet	1157336597	993463	2f3c220e85bc383cd7854d6ecde536c534b5bb1e103453b8fdafced96bbd19c3
part_000013.parquet	944178959	998400	2f448ba5d625d2988eb70fb7dd3d6b720130aa3e8ef4807cd65995b92db12bab
part_000042.parquet	385972377	986112	43b24f0f983331366e6097e2eb7711133416bb0b08aced6726b9941d4116b72e
part_000062.parquet	807293976	991678	efa17f5b10ce7cf4d4dcac0e80cc55dd4eb9d972892b94c72c60a4ff461477b4
part_000003.parquet	661502605	997376	d1236469379273981fa035b47d06d5d5edc22ba39b239e8df29483fd8c352022
part_000055.parquet	862913057	985773	c8715f7e22e17da325be76f64432eb143d00388275a1bfc5a8a25af5cd21f5ee
